CREATE DATABASE  IF NOT EXISTS `reportoptimization` /*!40100 DEFAULT CHARACTER SET latin1 */;
USE `reportoptimization`;
-- MySQL dump 10.13  Distrib 5.1.73, for Win64 (unknown)
--
-- Host: localhost    Database: reportoptimization
-- ------------------------------------------------------
-- Server version	5.1.73

/*!40101 SET @OLD_CHARACTER_SET_CLIENT=@@CHARACTER_SET_CLIENT */;
/*!40101 SET @OLD_CHARACTER_SET_RESULTS=@@CHARACTER_SET_RESULTS */;
/*!40101 SET @OLD_COLLATION_CONNECTION=@@COLLATION_CONNECTION */;
/*!40101 SET NAMES utf8 */;
/*!40103 SET @OLD_TIME_ZONE=@@TIME_ZONE */;
/*!40103 SET TIME_ZONE='+00:00' */;
/*!40014 SET @OLD_UNIQUE_CHECKS=@@UNIQUE_CHECKS, UNIQUE_CHECKS=0 */;
/*!40014 SET @OLD_FOREIGN_KEY_CHECKS=@@FOREIGN_KEY_CHECKS, FOREIGN_KEY_CHECKS=0 */;
/*!40101 SET @OLD_SQL_MODE=@@SQL_MODE, SQL_MODE='NO_AUTO_VALUE_ON_ZERO' */;
/*!40111 SET @OLD_SQL_NOTES=@@SQL_NOTES, SQL_NOTES=0 */;

--
-- Table structure for table `builder`
--

DROP TABLE IF EXISTS `builder`;
/*!40101 SET @saved_cs_client     = @@character_set_client */;
/*!40101 SET character_set_client = utf8 */;
CREATE TABLE `builder` (
  `id` bigint(20) NOT NULL AUTO_INCREMENT,
  `version` bigint(20) NOT NULL,
  `code` varchar(255) COLLATE utf8_bin NOT NULL,
  PRIMARY KEY (`id`),
  UNIQUE KEY `builder_u` (`code`)
) ENGINE=InnoDB AUTO_INCREMENT=9 DEFAULT CHARSET=utf8 COLLATE=utf8_bin;
/*!40101 SET character_set_client = @saved_cs_client */;

--
-- Dumping data for table `builder`
--

LOCK TABLES `builder` WRITE;
/*!40000 ALTER TABLE `builder` DISABLE KEYS */;
INSERT INTO `builder` VALUES (1,1,'AVH'),(2,1,'DRH'),(3,1,'KHOV'),(4,1,'PH'),(5,1,'RYLAND'),(6,1,'SHEA-AA'),(7,1,'SHEA-SF'),(8,1,'SP');
/*!40000 ALTER TABLE `builder` ENABLE KEYS */;
UNLOCK TABLES;

--
-- Table structure for table `entry`
--

DROP TABLE IF EXISTS `entry`;
/*!40101 SET @saved_cs_client     = @@character_set_client */;
/*!40101 SET character_set_client = utf8 */;
CREATE TABLE `entry` (
  `id` bigint(20) NOT NULL AUTO_INCREMENT,
  `version` bigint(20) NOT NULL,
  `calc_percentage` double DEFAULT NULL,
  `claim_percentage` double DEFAULT NULL,
  `hours` double DEFAULT NULL,
  `labor_claim` int(11) DEFAULT NULL,
  `labor_cost` int(11) DEFAULT NULL,
  `progress_date` datetime NOT NULL,
  `type` varchar(255) COLLATE utf8_bin NOT NULL,
  `lot_id` bigint(20) DEFAULT NULL,
  `foreman_id` bigint(20) DEFAULT NULL,
  PRIMARY KEY (`id`),
  KEY `tract_fk` (`lot_id`),
  KEY `entry_foreman_fk` (`foreman_id`),
  CONSTRAINT `entry_ibfk_1` FOREIGN KEY (`lot_id`) REFERENCES `lot` (`id`),
  CONSTRAINT `entry_ibfk_2` FOREIGN KEY (`foreman_id`) REFERENCES `foreman` (`id`)
) ENGINE=InnoDB AUTO_INCREMENT=402 DEFAULT CHARSET=utf8 COLLATE=utf8_bin;
/*!40101 SET character_set_client = @saved_cs_client */;

--
-- Dumping data for table `entry`
--

LOCK TABLES `entry` WRITE;
/*!40000 ALTER TABLE `entry` DISABLE KEYS */;
INSERT INTO `entry` VALUES (1,1,0.74,0.74,102.5,3952,1801,'2015-03-28 00:00:00','Field',2,33),(2,1,0.95,0.95,87,4004,1450,'2015-02-14 00:00:00','Field',3,34),(3,1,0.050000012,0.050000012,2,211,54,'2015-02-28 00:00:00','Field',3,33),(4,1,0,0,7.5,143,143,'2015-03-07 00:00:00','Field',3,35),(5,1,-0.033807841,NULL,NULL,-143,NULL,'2015-03-07 00:00:00','Field',3,34),(6,1,0.41,0.41,48,1919,898,'2015-02-14 00:00:00','Field',5,36),(7,1,0.470000004,0.470000004,58,2200,1078,'2015-02-21 00:00:00','Field',5,36),(8,1,0.02,0.02,4.5,94,95,'2015-02-21 00:00:00','Field',5,34),(9,1,0.002350427,0.002350427,1,11,11,'2015-03-07 00:00:00','Field',5,34),(10,1,0.036538462,0.036538462,9,171,171,'2015-03-07 00:00:00','Field',5,35),(11,1,0.0611,0.0611,NULL,286,NULL,'2015-03-09 00:00:00','Field',5,36),(12,1,0.95,0.95,104.5,4527,1757,'2015-02-21 00:00:00','Field',6,34),(13,1,0.050000012,0.050000012,11,238,194,'2015-03-07 00:00:00','Field',6,34),(14,1,0.95,0.95,163,5895,2836,'2015-02-28 00:00:00','Field',10,33),(15,1,0.050000012,0.050000012,12.5,310,225,'2015-03-14 00:00:00','Field',10,33),(16,1,0.62,0.62,183.5,6203,3194,'2015-03-21 00:00:00','Field',11,33),(17,1,0.329999995,0.329999995,96,3302,1695,'2015-03-28 00:00:00','Field',11,33),(18,1,0.072229141,NULL,17,580,327,'2015-02-28 00:00:00','Field',13,37),(19,1,0.890000001,0.890000001,188.5,7147,3361,'2015-03-07 00:00:00','Field',13,37),(20,1,0.050000012,0.050000012,15,402,278,'2015-03-21 00:00:00','Field',13,37),(21,1,-0.012229154,NULL,NULL,-98,NULL,'2015-03-28 00:00:00','Field',13,37),(22,1,0.54,0.54,169.5,5214,2925,'2015-02-14 00:00:00','Field',14,38),(23,1,0.409999979,0.409999979,143.5,3959,2453,'2015-02-21 00:00:00','Field',14,38),(24,1,0.010000012,0.010000012,4,97,64,'2015-02-28 00:00:00','Field',14,37),(25,1,0.01,0.01,1,97,20,'2015-02-28 00:00:00','Field',14,39),(26,1,0.029999971,0.029999971,16,290,291,'2015-03-07 00:00:00','Field',14,37),(27,1,0,0,3,69,69,'2015-03-14 00:00:00','Field',14,40),(28,1,-0.007105089,NULL,NULL,-69,NULL,'2015-03-14 00:00:00','Field',14,38),(29,1,0.05012826,NULL,20,586,383,'2015-02-07 00:00:00','Field',15,41),(30,1,0.541385207,NULL,236.5,6331,4375,'2015-02-14 00:00:00','Field',15,41),(31,1,0.340872194,NULL,188.5,3987,3516,'2015-02-21 00:00:00','Field',15,41),(32,1,0.01,0.01,1,117,20,'2015-02-28 00:00:00','Field',15,39),(33,1,0.007600012,0.007600012,3,89,66,'2015-02-28 00:00:00','Field',15,42),(34,1,0.050000012,0.050000012,27,585,422,'2015-03-14 00:00:00','Field',15,40),(35,1,0.24,0.24,96,2178,1622,'2015-01-31 00:00:00','Field',16,38),(36,1,0.610000005,0.610000005,208,5536,3526,'2015-02-07 00:00:00','Field',16,38),(37,1,0.099999976,0.099999976,61,907,1027,'2015-02-14 00:00:00','Field',16,38),(38,1,0.050000012,0.050000012,18.5,454,318,'2015-02-21 00:00:00','Field',16,38),(39,1,0,0,1,20,20,'2015-02-28 00:00:00','Field',16,39),(40,1,-0.00220385,NULL,NULL,-20,NULL,'2015-02-28 00:00:00','Field',16,38),(41,1,0.95,0.95,108,4608,1719,'2015-03-07 00:00:00','Field',18,43),(42,1,0.050000012,0.050000012,10,243,158,'2015-03-14 00:00:00','Field',18,43),(43,1,0.95,0.95,134,5040,2411,'2015-03-14 00:00:00','Field',19,38),(44,1,0.050000012,0.050000012,16,265,296,'2015-03-28 00:00:00','Field',19,38),(45,1,0.95,0.95,112.5,4641,2091,'2015-03-21 00:00:00','Field',21,38),(46,1,0.95,0.95,127.5,4646,2015,'2015-03-14 00:00:00','Field',24,43),(47,1,0.050000012,0.050000012,15,245,237,'2015-03-28 00:00:00','Field',24,43),(48,1,0.95,0.95,128,4356,2233,'2015-03-21 00:00:00','Field',25,44),(49,1,0.05,0.05,18,460,323,'2015-01-31 00:00:00','Field',26,33),(50,1,0.799999999,0.799999999,196,7352,3549,'2015-02-07 00:00:00','Field',26,33),(51,1,0.099999976,0.099999976,54,919,928,'2015-02-14 00:00:00','Field',26,33),(52,1,0.02,0.02,7,184,121,'2015-02-14 00:00:00','Field',26,34),(53,1,0.029999971,0.029999971,24,276,420,'2015-02-21 00:00:00','Field',26,34),(54,1,0,0,2,54,54,'2015-03-21 00:00:00','Field',26,44),(55,1,-0.005832373,NULL,NULL,-54,NULL,'2015-03-21 00:00:00','Field',26,33),(56,1,0.39,0.39,52,1659,981,'2015-03-21 00:00:00','Field',27,38),(57,1,0.560000014,0.560000014,75.5,2383,1397,'2015-03-28 00:00:00','Field',27,38),(58,1,0.45,0.45,98,1879,1778,'2015-03-14 00:00:00','Field',28,37),(59,1,0.021556886,0.021556886,6,90,90,'2015-03-21 00:00:00','Field',28,43),(60,1,0.528400004,0.528400004,11.5,2206,204,'2015-03-28 00:00:00','Field',28,38),(61,1,0.95,0.95,109.5,4232,2008,'2015-03-28 00:00:00','Field',29,38),(62,1,0.3,0.3,44.5,1287,704,'2015-02-28 00:00:00','Field',30,43),(63,1,0.649999988,0.649999988,78.5,2788,1248,'2015-03-07 00:00:00','Field',30,43),(64,1,0.050000012,0.050000012,10,215,158,'2015-03-14 00:00:00','Field',30,43),(65,1,0.95,0.95,127,4052,2071,'2015-03-21 00:00:00','Field',31,43),(66,1,0.55,0.55,128,5060,2252,'2015-03-07 00:00:00','Field',32,34),(67,1,0.399999988,0.399999988,127,3680,2354,'2015-03-14 00:00:00','Field',32,34),(68,1,1.2e-08,1.2e-08,6,0,161,'2015-03-21 00:00:00','Field',32,44),(69,1,1.2e-08,1.2e-08,1,0,12,'2015-03-21 00:00:00','Field',32,43),(70,1,0.050000012,0.050000012,20,460,316,'2015-03-28 00:00:00','Field',32,43),(71,1,0.58,0.58,76,2799,1383,'2015-03-14 00:00:00','Field',33,37),(72,1,0.370000017,0.370000017,39,1785,738,'2015-03-21 00:00:00','Field',33,37),(73,1,0.050000012,0.050000012,9.5,241,185,'2015-03-28 00:00:00','Field',33,38),(74,1,0.8,0.8,100,3900,1801,'2015-03-14 00:00:00','Field',34,44),(75,1,0.149999988,0.149999988,28,731,507,'2015-03-21 00:00:00','Field',34,44),(76,1,0.95,0.95,145,5805,2588,'2015-02-28 00:00:00','Field',36,42),(77,1,0.050000012,0.050000012,10.5,306,165,'2015-03-21 00:00:00','Field',36,42),(78,1,0.65,0.65,163.5,5057,2649,'2015-03-14 00:00:00','Field',39,42),(79,1,0.300000024,0.300000024,113,2334,1818,'2015-03-21 00:00:00','Field',39,42),(80,1,0.3,0.3,40,1925,750,'2015-02-21 00:00:00','Field',42,45),(81,1,0.649999988,0.649999988,104,4170,2008,'2015-02-28 00:00:00','Field',42,45),(82,1,0.050000012,0.050000012,12,321,222,'2015-03-14 00:00:00','Field',42,45),(83,1,0,0,1,20,20,'2015-03-14 00:00:00','Field',42,39),(84,1,-0.003117693,NULL,NULL,-20,NULL,'2015-03-14 00:00:00','Field',42,45),(85,1,0.65,0.65,98,4183,1596,'2015-02-07 00:00:00','Field',43,43),(86,1,0.300000024,0.300000024,57,1931,924,'2015-02-14 00:00:00','Field',43,43),(87,1,0.050000012,0.050000012,24,322,485,'2015-02-21 00:00:00','Field',43,45),(88,1,0.18,0.18,29,908,548,'2015-02-28 00:00:00','Field',44,33),(89,1,0.769999993,0.769999993,133,3885,2283,'2015-03-07 00:00:00','Field',44,33),(90,1,1.2e-08,1.2e-08,2,0,45,'2015-03-14 00:00:00','Field',44,45),(91,1,1.2e-08,1.2e-08,2.5,0,50,'2015-03-14 00:00:00','Field',44,39),(92,1,0.050000012,0.050000012,12.5,252,217,'2015-03-21 00:00:00','Field',44,33),(93,1,0.66,0.66,167.5,5884,2908,'2015-02-07 00:00:00','Field',46,44),(94,1,0.289999974,0.289999974,77,2585,1388,'2015-02-14 00:00:00','Field',46,44),(95,1,0,0,2,38,38,'2015-02-14 00:00:00','Field',46,35),(96,1,0.045700014,0.045700014,15,407,287,'2015-02-28 00:00:00','Field',46,46),(97,1,0.47,0.47,72,2733,1383,'2015-02-21 00:00:00','Field',48,46),(98,1,0.480000001,0.480000001,88,2791,1636,'2015-02-28 00:00:00','Field',48,46),(99,1,0.050000012,0.050000012,15,291,281,'2015-03-07 00:00:00','Field',48,46),(100,1,0,0,1,19,19,'2015-03-14 00:00:00','Field',48,35),(101,1,-0.003267425,NULL,NULL,-19,NULL,'2015-03-14 00:00:00','Field',48,46),(102,1,0.28,0.28,43,1576,806,'2015-03-21 00:00:00','Field',49,44),(103,1,0.669999999,0.669999999,119,3772,2250,'2015-03-28 00:00:00','Field',49,44),(104,1,0.93,0.93,112,4073,2076,'2015-02-28 00:00:00','Field',50,46),(105,1,0.069999993,0.069999993,12,307,225,'2015-03-14 00:00:00','Field',50,46),(106,1,0,0,1.5,29,29,'2015-03-21 00:00:00','Field',50,35),(107,1,-0.006506842,NULL,NULL,-28,NULL,'2015-03-21 00:00:00','Field',50,46),(108,1,0.09,0.09,40,982,752,'2015-02-14 00:00:00','Field',51,42),(109,1,0.659999996,0.659999996,239.5,7204,4217,'2015-02-21 00:00:00','Field',51,42),(110,1,0,0,2,38,38,'2015-02-28 00:00:00','Field',51,35),(111,1,0.19,0.19,69,2074,1202,'2015-02-28 00:00:00','Field',51,42),(112,1,0.00494732,0.00494732,3,54,54,'2015-02-28 00:00:00','Field',51,43),(113,1,0.051599979,0.051599979,18,563,336,'2015-03-07 00:00:00','Field',51,42),(114,1,0,0,2,40,40,'2015-03-21 00:00:00','Field',51,39),(115,1,-0.003693425,NULL,NULL,-40,NULL,'2015-03-21 00:00:00','Field',51,42),(116,1,0.150479744,NULL,39,1412,705,'2015-03-07 00:00:00','Field',52,33),(117,1,0.802558629,NULL,208.5,7528,3646,'2015-03-14 00:00:00','Field',52,33),(118,1,0.046999991,0.046999991,21,441,358,'2015-03-28 00:00:00','Field',52,33),(119,1,0.010045662,NULL,4,99,72,'2015-02-28 00:00:00','Field',53,42),(120,1,0.452054795,NULL,133,4455,2265,'2015-03-07 00:00:00','Field',53,42),(121,1,0.492237435,NULL,101,4851,1651,'2015-03-14 00:00:00','Field',53,42),(122,1,0.050228322,NULL,17.5,495,299,'2015-03-21 00:00:00','Field',53,42),(123,1,-0.004566214,NULL,NULL,-45,NULL,'2015-03-21 00:00:00','Field',53,42),(124,1,0.702249598,NULL,203,6556,3523,'2015-03-07 00:00:00','Field',54,40),(125,1,0.247800004,0.247800004,50,2313,1009,'2015-03-14 00:00:00','Field',54,40),(126,1,0.050000012,0.050000012,31,467,555,'2015-03-28 00:00:00','Field',54,40),(127,1,0.3,0.3,93,2801,1694,'2015-03-07 00:00:00','Field',55,47),(128,1,0.649999988,0.649999988,132,6068,2423,'2015-03-14 00:00:00','Field',55,47),(129,1,1.2e-08,1.2e-08,5,0,112,'2015-03-21 00:00:00','Field',55,40),(130,1,0.050000012,0.050000012,21,467,381,'2015-03-28 00:00:00','Field',55,47),(131,1,0.4,0.4,130,3752,2054,'2015-02-14 00:00:00','Field',56,43),(132,1,0.549999994,0.549999994,150,5159,2375,'2015-02-21 00:00:00','Field',56,43),(133,1,0,0,2,38,38,'2015-02-28 00:00:00','Field',56,35),(134,1,0.020000012,0.020000012,1.5,188,27,'2015-02-28 00:00:00','Field',56,43),(135,1,0.025900006,0.025900006,12,243,212,'2015-03-07 00:00:00','Field',56,42),(136,1,0.01,0.01,3.5,95,77,'2015-03-21 00:00:00','Field',58,43),(137,1,0.45,0.45,164,4255,2594,'2015-03-28 00:00:00','Field',58,43),(138,1,0.95,0.95,108.5,5448,1938,'2015-03-07 00:00:00','Field',59,38),(139,1,0.050000012,0.050000012,12.5,287,245,'2015-03-21 00:00:00','Field',59,38),(140,1,0.2,0.2,52.5,1495,992,'2015-03-07 00:00:00','Field',62,41),(141,1,0.749999997,0.749999997,175.5,5606,3298,'2015-03-14 00:00:00','Field',62,41),(142,1,0.050000012,0.050000012,12,374,227,'2015-03-21 00:00:00','Field',62,41),(143,1,0.02,0.02,4,152,90,'2015-03-28 00:00:00','Field',63,38),(144,1,0.01,0.01,4,74,90,'2015-03-14 00:00:00','Field',67,41),(145,1,0.67,0.67,145.5,4931,2738,'2015-03-21 00:00:00','Field',67,41),(146,1,0.269999993,0.269999993,97.5,1987,1899,'2015-03-28 00:00:00','Field',67,41),(147,1,0.020044174,NULL,3,182,60,'2015-02-21 00:00:00','Field',68,34),(148,1,0.711568195,NULL,190.5,6443,3388,'2015-02-28 00:00:00','Field',68,34),(149,1,0.190419639,NULL,76.5,1724,1337,'2015-03-07 00:00:00','Field',68,34),(150,1,0.078000009,0.078000009,14,706,264,'2015-03-21 00:00:00','Field',68,34),(151,1,0.95,0.95,134,6370,2336,'2015-02-14 00:00:00','Field',70,44),(152,1,0.050000012,0.050000012,17.5,335,320,'2015-02-28 00:00:00','Field',70,34),(153,1,0,0,2.5,48,48,'2015-03-21 00:00:00','Field',70,35),(154,1,-0.007084277,NULL,NULL,-48,NULL,'2015-03-21 00:00:00','Field',70,44),(155,1,0,0,3.5,67,67,'2015-03-28 00:00:00','Field',70,35),(156,1,-0.009917972,NULL,NULL,-67,NULL,'2015-03-28 00:00:00','Field',70,44),(157,1,0.581878543,NULL,67.5,3593,1161,'2015-02-07 00:00:00','Field',71,34),(158,1,0.004340081,NULL,1,27,27,'2015-02-14 00:00:00','Field',71,44),(159,1,0.371198397,NULL,57.5,2292,989,'2015-02-14 00:00:00','Field',71,34),(160,1,0.04584803,NULL,17.5,283,301,'2015-02-21 00:00:00','Field',71,34),(161,1,-0.003265051,NULL,NULL,-20,NULL,'2015-02-21 00:00:00','Field',71,34),(162,1,0.52,0.52,169.5,5772,3189,'2015-02-21 00:00:00','Field',74,36),(163,1,0.430000019,0.430000019,212.5,4773,3973,'2015-02-28 00:00:00','Field',74,36),(164,1,1.2e-08,1.2e-08,36,0,674,'2015-03-07 00:00:00','Field',74,36),(165,1,0.050000012,0.050000012,24,555,429,'2015-03-21 00:00:00','Field',74,36),(166,1,0.3,0.3,49,2049,905,'2015-02-28 00:00:00','Field',75,46),(167,1,0.649999988,0.649999988,116,4439,2154,'2015-03-07 00:00:00','Field',75,46),(168,1,0.050000012,0.050000012,12,342,225,'2015-03-21 00:00:00','Field',75,46),(169,1,0.95,0.95,142,6123,2680,'2015-03-07 00:00:00','Field',76,36),(170,1,0.050000012,0.050000012,12.5,322,238,'2015-03-21 00:00:00','Field',76,36),(171,1,0,0,2.5,48,48,'2015-03-21 00:00:00','Field',76,35),(172,1,-0.007370066,NULL,NULL,-48,NULL,'2015-03-21 00:00:00','Field',76,36),(173,1,0.51,0.51,115.5,3618,1861,'2015-03-21 00:00:00','Field',77,48),(174,1,0.44000001,0.44000001,116,3122,1936,'2015-03-28 00:00:00','Field',77,48),(175,1,0.48,0.48,144,4241,2695,'2015-03-14 00:00:00','Field',78,46),(176,1,0.470000011,0.470000011,168.5,4152,3180,'2015-03-21 00:00:00','Field',78,46),(177,1,0.021912846,0.021912846,10,194,194,'2015-03-28 00:00:00','Field',78,46),(178,1,0.95,0.95,150.5,6508,2761,'2015-03-21 00:00:00','Field',79,47),(179,1,0.37,0.37,65,2407,1093,'2015-03-28 00:00:00','Field',80,48),(180,1,0.01,0.01,17.5,333,399,'2014-11-08 00:00:00','Field',83,46),(181,1,0.22,0.22,206,7330,4043,'2014-11-15 00:00:00','Field',83,46),(182,1,0.259999996,0.259999996,215,8663,3982,'2014-11-22 00:00:00','Field',83,46),(183,1,0.13999999,0.13999999,118,4665,2230,'2014-11-29 00:00:00','Field',83,46),(184,1,0.150000005,0.150000005,139.5,4998,2658,'2014-12-06 00:00:00','Field',83,46),(185,1,0.150000029,0.150000029,198,4998,3736,'2014-12-13 00:00:00','Field',83,46),(186,1,0.019999993,0.019999993,29.5,666,676,'2014-12-20 00:00:00','Field',83,46),(187,1,1.2e-08,1.2e-08,2.5,0,48,'2015-01-24 00:00:00','Field',83,35),(188,1,0,0,4.5,86,86,'2015-02-14 00:00:00','Field',83,35),(189,1,0.39,0.39,158,5856,2887,'2015-03-21 00:00:00','Field',84,37),(190,1,0.410000014,0.410000014,212,6156,3884,'2015-03-28 00:00:00','Field',84,37),(191,1,0.5,0.5,190,5083,3329,'2015-03-21 00:00:00','Field',85,45),(192,1,0.45,0.45,232,4574,4066,'2015-03-28 00:00:00','Field',85,45),(193,1,0.357461929,NULL,118,3521,2182,'2015-02-28 00:00:00','Field',86,45),(194,1,0.408527925,NULL,182,4024,3438,'2015-03-07 00:00:00','Field',86,45),(195,1,0.184000027,0.184000027,68,1812,1240,'2015-03-14 00:00:00','Field',86,45),(196,1,0.050000012,0.050000012,16,493,278,'2015-03-21 00:00:00','Field',86,45),(197,1,0.56,0.56,197,7734,3545,'2015-02-14 00:00:00','Field',88,45),(198,1,0.389999998,0.389999998,120,5386,2243,'2015-02-21 00:00:00','Field',88,45),(199,1,0.050000012,0.050000012,15,691,293,'2015-03-07 00:00:00','Field',88,45),(200,1,0.18,0.18,68,1824,1234,'2015-01-31 00:00:00','Field',89,45),(201,1,0.569999993,0.569999993,268,5777,4844,'2015-02-07 00:00:00','Field',89,45),(202,1,0.2,0.2,48,2027,867,'2015-02-14 00:00:00','Field',89,45),(203,1,0.050000012,0.050000012,15,507,280,'2015-02-21 00:00:00','Field',89,41),(204,1,0.68,0.68,209,6718,3797,'2015-03-28 00:00:00','Field',92,47),(205,1,0.46,0.46,151,4865,2811,'2015-02-07 00:00:00','Field',96,47),(206,1,0.349999992,0.349999992,219.5,3701,4030,'2015-02-14 00:00:00','Field',96,47),(207,1,0.139999998,0.139999998,74.5,1480,1387,'2015-02-21 00:00:00','Field',96,47),(208,1,0.050000012,0.050000012,22.5,529,413,'2015-03-07 00:00:00','Field',96,47),(209,1,0.51,0.51,141,4488,2639,'2015-02-14 00:00:00','Field',97,46),(210,1,0.44000001,0.44000001,114,3872,2216,'2015-02-21 00:00:00','Field',97,46),(211,1,1.2e-08,1.2e-08,1,0,20,'2015-02-28 00:00:00','Field',97,39),(212,1,0.040000012,0.040000012,13,352,228,'2015-03-07 00:00:00','Field',97,40),(213,1,0.01,0.01,1.5,88,30,'2015-03-07 00:00:00','Field',97,39),(214,1,0,0,3,60,60,'2015-03-14 00:00:00','Field',97,40),(215,1,-0.006795488,NULL,NULL,-60,NULL,'2015-03-14 00:00:00','Field',97,46),(216,1,0,0,2,45,45,'2015-03-14 00:00:00','Field',97,45),(217,1,-0.005113636,NULL,NULL,-45,NULL,'2015-03-14 00:00:00','Field',97,46),(218,1,0.010025445,NULL,4,138,84,'2015-03-14 00:00:00','Field',99,40),(219,1,0.49,0.49,213,6740,3702,'2015-03-21 00:00:00','Field',99,40),(220,1,0.38,0.38,214,5227,3742,'2015-03-28 00:00:00','Field',99,40),(221,1,0.44,0.44,174,6050,3039,'2015-02-14 00:00:00','Field',100,33),(222,1,0.480000002,0.480000002,208,6600,3664,'2015-02-21 00:00:00','Field',100,33),(223,1,0.029999983,0.029999983,17.5,412,313,'2015-02-28 00:00:00','Field',100,33),(224,1,0.050000012,0.050000012,36,688,629,'2015-03-07 00:00:00','Field',100,33),(225,1,0,0,2,54,54,'2015-03-14 00:00:00','Field',100,45),(226,1,-0.003898179,NULL,NULL,-54,NULL,'2015-03-14 00:00:00','Field',100,33),(227,1,0.14,0.14,56,1907,1006,'2015-03-28 00:00:00','Field',101,45),(228,1,0.2,0.2,64.5,1767,1051,'2015-03-21 00:00:00','Field',103,42),(229,1,0.599999997,0.599999997,255,5301,4110,'2015-03-28 00:00:00','Field',103,42),(230,1,0.92,0.92,197,4365,3287,'2015-03-14 00:00:00','Field',104,48),(231,1,0.029999983,0.029999983,11,142,217,'2015-03-21 00:00:00','Field',104,48),(232,1,0.030000012,0.030000012,10,142,189,'2015-03-28 00:00:00','Field',104,46),(233,1,0.04,0.04,6,190,161,'2015-03-21 00:00:00','Field',105,46),(234,1,0.910000001,0.910000001,184,4318,3469,'2015-03-28 00:00:00','Field',105,46),(235,1,0.95,0.95,205.5,4308,3844,'2015-03-14 00:00:00','Field',109,36),(236,1,0.050000012,0.050000012,17,227,303,'2015-03-28 00:00:00','Field',109,48),(237,1,0.6,0.6,128,2685,2334,'2015-03-14 00:00:00','Field',111,45),(238,1,0.349999976,0.349999976,78,1566,1398,'2015-03-21 00:00:00','Field',111,45),(239,1,0.45,0.45,86,2041,1462,'2015-02-21 00:00:00','Field',112,48),(240,1,0.500000012,0.500000012,110.5,2268,1791,'2015-02-28 00:00:00','Field',112,48),(241,1,0.050000012,0.050000012,15.5,227,247,'2015-03-14 00:00:00','Field',112,48),(242,1,0.2,0.2,41.5,1168,765,'2015-03-14 00:00:00','Field',114,34),(243,1,0.699999997,0.699999997,162,4088,2920,'2015-03-21 00:00:00','Field',114,34),(244,1,0.050000024,0.050000024,10,292,211,'2015-03-28 00:00:00','Field',114,34),(245,1,0.7,0.7,112.5,3301,2113,'2015-03-07 00:00:00','Field',115,46),(246,1,0.250000012,0.250000012,75,1179,1404,'2015-03-14 00:00:00','Field',115,46),(247,1,0.050000012,0.050000012,18,236,337,'2015-03-28 00:00:00','Field',115,46),(248,1,0.25,0.25,74,2101,1149,'2015-02-28 00:00:00','Field',116,48),(249,1,0.65,0.65,203.5,5463,3305,'2015-03-07 00:00:00','Field',116,48),(250,1,0.050000024,0.050000024,2.5,420,55,'2015-03-14 00:00:00','Field',116,48),(251,1,0.050000012,0.050000012,24.5,420,436,'2015-03-28 00:00:00','Field',116,48),(252,1,0.95,0.95,38,1002,588,'2015-02-28 00:00:00','Field',117,48),(253,1,0.050000012,0.050000012,1,53,18,'2015-03-28 00:00:00','Field',117,48),(254,1,0.6,0.6,169,5280,3054,'2015-02-07 00:00:00','Field',118,46),(255,1,0.349999976,0.349999976,107.5,3080,1972,'2015-02-14 00:00:00','Field',118,46),(256,1,0.050000012,0.050000012,17.5,440,302,'2015-02-21 00:00:00','Field',118,38),(257,1,0,0,5.5,110,110,'2015-02-28 00:00:00','Field',118,39),(258,1,-0.012499988,NULL,NULL,-110,NULL,'2015-02-28 00:00:00','Field',118,46),(259,1,0,0,4.5,90,90,'2015-03-07 00:00:00','Field',118,39),(260,1,-0.010227273,NULL,NULL,-90,NULL,'2015-03-07 00:00:00','Field',118,46),(261,1,0.95,0.95,220,6712,3953,'2015-02-07 00:00:00','Field',121,37),(262,1,1.2e-08,1.2e-08,2.5,0,48,'2015-02-14 00:00:00','Field',121,39),(263,1,0.02,0.02,2,141,40,'2015-02-28 00:00:00','Field',121,39),(264,1,0.030000012,0.030000012,12,212,214,'2015-02-28 00:00:00','Field',121,37),(265,1,0.39,0.39,75,2562,1322,'2015-02-07 00:00:00','Field',122,40),(266,1,0.01,0.01,3.5,66,67,'2015-02-14 00:00:00','Field',122,39),(267,1,0.530000014,0.530000014,133.5,3482,2354,'2015-02-14 00:00:00','Field',122,40),(268,1,0.029999993,0.029999993,13,197,222,'2015-02-21 00:00:00','Field',122,40),(269,1,0.040000021,0.040000021,7,263,135,'2015-02-28 00:00:00','Field',122,40),(270,1,0.37,0.37,75,2609,1185,'2015-02-21 00:00:00','Field',124,43),(271,1,0.579999995,0.579999995,171.5,4089,2711,'2015-02-28 00:00:00','Field',124,43),(272,1,0.050000012,0.050000012,20,353,305,'2015-03-14 00:00:00','Field',124,43),(273,1,0,0,2,40,40,'2015-03-21 00:00:00','Field',124,39),(274,1,-0.005673766,NULL,NULL,-40,NULL,'2015-03-21 00:00:00','Field',124,43),(275,1,0.73,0.73,206,7282,3708,'2015-02-14 00:00:00','Field',125,37),(276,1,0.03,0.03,7,299,133,'2015-02-21 00:00:00','Field',125,39),(277,1,0.189999981,0.189999981,80,1895,1421,'2015-02-21 00:00:00','Field',125,37),(278,1,0.030000012,0.030000012,25,299,449,'2015-02-28 00:00:00','Field',125,37),(279,1,0.019999981,0.019999981,9,199,180,'2015-03-07 00:00:00','Field',125,39),(280,1,0,0,2.5,50,50,'2015-03-21 00:00:00','Field',125,39),(281,1,-0.005012505,NULL,NULL,-50,NULL,'2015-03-21 00:00:00','Field',125,37),(282,1,0,0,2,40,40,'2015-03-28 00:00:00','Field',125,39),(283,1,-0.004010025,NULL,NULL,-40,NULL,'2015-03-28 00:00:00','Field',125,37),(284,1,0.14,0.14,46,1180,836,'2015-02-14 00:00:00','Field',130,40),(285,1,0.789999999,0.789999999,202,6660,3444,'2015-02-21 00:00:00','Field',130,40),(286,1,0.02,0.02,2.5,169,48,'2015-02-21 00:00:00','Field',130,39),(287,1,1.2e-08,1.2e-08,1,0,20,'2015-02-28 00:00:00','Field',130,39),(288,1,0.050000012,0.050000012,15,423,284,'2015-03-07 00:00:00','Field',130,40),(289,1,0,0,2.5,45,45,'2015-03-14 00:00:00','Field',130,43),(290,1,-0.001388092,NULL,NULL,-12,NULL,'2015-03-14 00:00:00','Field',130,40),(291,1,0.15,0.15,45,1465,767,'2015-02-21 00:00:00','Field',131,40),(292,1,0.749999994,0.749999994,257.5,7324,4451,'2015-02-28 00:00:00','Field',131,40),(293,1,0.050000024,0.050000024,15,488,299,'2015-03-07 00:00:00','Field',131,40),(294,1,0,0,3,60,60,'2015-03-07 00:00:00','Field',131,39),(295,1,0.043900013,0.043900013,23,429,412,'2015-03-14 00:00:00','Field',131,40),(296,1,0,0,5,100,100,'2015-03-21 00:00:00','Field',131,39),(297,1,-0.010285079,NULL,NULL,-100,NULL,'2015-03-21 00:00:00','Field',131,40),(298,1,0.02,0.02,9,237,161,'2015-02-21 00:00:00','Field',134,38),(299,1,0.7,0.7,223.5,8281,3813,'2015-02-28 00:00:00','Field',134,38),(300,1,0.179999971,0.179999971,63.5,2129,1093,'2015-03-07 00:00:00','Field',134,38),(301,1,0.02,0.02,6.5,237,130,'2015-03-07 00:00:00','Field',134,39),(302,1,0.079999983,0.079999983,25,946,460,'2015-03-14 00:00:00','Field',134,38),(303,1,0,0,11,220,220,'2015-03-14 00:00:00','Field',134,39),(304,1,-0.018596743,NULL,NULL,-220,NULL,'2015-03-14 00:00:00','Field',134,38),(305,1,0,0,2,40,40,'2015-03-21 00:00:00','Field',134,39),(306,1,-0.003381234,NULL,NULL,-40,NULL,'2015-03-21 00:00:00','Field',134,38),(307,1,0,0,2,40,40,'2015-03-28 00:00:00','Field',134,39),(308,1,-0.003381234,NULL,NULL,-40,NULL,'2015-03-28 00:00:00','Field',134,38),(309,1,0.5,0.5,126.5,4180,2236,'2015-02-21 00:00:00','Field',135,37),(310,1,0.42,0.42,124,3539,2214,'2015-02-28 00:00:00','Field',135,37),(311,1,0.01,0.01,2,84,40,'2015-02-28 00:00:00','Field',135,39),(312,1,0.069999993,0.069999993,19,590,386,'2015-03-14 00:00:00','Field',135,37),(313,1,0,0,12.5,203,203,'2015-03-14 00:00:00','Field',135,43),(314,1,-0.020237382,NULL,NULL,-170,NULL,'2015-03-14 00:00:00','Field',135,37),(315,1,0,0,5.5,110,110,'2015-03-21 00:00:00','Field',135,39),(316,1,-0.01305638,NULL,NULL,-110,NULL,'2015-03-21 00:00:00','Field',135,37),(317,1,0.23,0.23,41,1050,777,'2015-02-28 00:00:00','Field',139,47),(318,1,0.72,0.72,102,3287,1872,'2015-03-07 00:00:00','Field',139,47),(319,1,0.050000012,0.050000012,12,228,218,'2015-03-21 00:00:00','Field',139,47),(320,1,0.17,0.17,24,753,427,'2015-02-28 00:00:00','Field',141,44),(321,1,0.61,0.61,120,2702,2156,'2015-03-07 00:00:00','Field',141,44),(322,1,0.22,0.22,15,975,272,'2015-03-21 00:00:00','Field',141,47),(323,1,0.28,0.28,48,1324,896,'2015-03-28 00:00:00','Field',142,44),(324,1,0.95,0.95,152,4209,2670,'2015-02-28 00:00:00','Field',143,44),(325,1,0.050000012,0.050000012,10,222,184,'2015-03-21 00:00:00','Field',143,44),(326,1,0.82,0.82,141,4014,2696,'2015-02-14 00:00:00','Field',144,36),(327,1,0.120000007,0.120000007,26,587,521,'2015-02-21 00:00:00','Field',144,44),(328,1,0.060000002,0.060000002,16,294,321,'2015-02-28 00:00:00','Field',144,44),(329,1,0.84,0.84,219.5,5687,3830,'2015-02-21 00:00:00','Field',146,44),(330,1,0.110000026,0.110000026,46,745,824,'2015-02-28 00:00:00','Field',146,44),(331,1,0.050000012,0.050000012,12,339,216,'2015-03-07 00:00:00','Field',146,44),(332,1,0.42,0.42,63,2024,1159,'2015-03-07 00:00:00','Field',148,44),(333,1,0.530000013,0.530000013,109.5,2555,1994,'2015-03-14 00:00:00','Field',148,44),(334,1,0.050000012,0.050000012,12,241,230,'2015-03-28 00:00:00','Field',148,44),(335,1,0.007221764,NULL,2,44,44,'2015-01-10 00:00:00','Field',149,36),(336,1,0.942022754,NULL,192.5,5713,3578,'2015-01-17 00:00:00','Field',149,36),(337,1,0.019983524,NULL,15,121,281,'2015-01-24 00:00:00','Field',149,36),(338,1,0.009398186,NULL,3,57,57,'2015-01-24 00:00:00','Field',149,39),(339,1,0.021399975,0.021399975,24,130,443,'2015-01-31 00:00:00','Field',149,37),(340,1,0,0,3,0,60,'2015-02-07 00:00:00','Field',149,36),(341,1,0,0,0.5,10,10,'2015-02-07 00:00:00','Field',149,39),(342,1,-0.001566364,NULL,NULL,-10,NULL,'2015-02-07 00:00:00','Field',149,36),(343,1,0,0,1,27,27,'2015-02-14 00:00:00','Field',149,40),(344,1,-0.004418796,NULL,NULL,-27,NULL,'2015-02-14 00:00:00','Field',149,36),(345,1,0,0,1,19,19,'2015-02-14 00:00:00','Field',149,39),(346,1,-0.003132729,NULL,NULL,-19,NULL,'2015-02-14 00:00:00','Field',149,36),(347,1,0.08,0.08,22,434,425,'2015-02-28 00:00:00','Field',151,41),(348,1,0.870000002,0.870000002,151,4724,2815,'2015-03-07 00:00:00','Field',151,41),(349,1,0.050000012,0.050000012,15,272,281,'2015-03-21 00:00:00','Field',151,41),(350,1,0.77,0.77,148,4297,2617,'2015-03-28 00:00:00','Field',152,34),(351,1,0.42,0.42,117,3381,2164,'2015-02-21 00:00:00','Field',153,47),(352,1,0.530000013,0.530000013,157,4267,2922,'2015-02-28 00:00:00','Field',153,47),(353,1,1.2e-08,1.2e-08,3,0,62,'2015-03-07 00:00:00','Field',153,47),(354,1,0.050000012,0.050000012,24,403,464,'2015-03-14 00:00:00','Field',153,47),(355,1,0.35,NULL,58,1880,1036,'2015-01-24 00:00:00','Field',154,44),(356,1,0.003538175,NULL,1,19,19,'2015-01-31 00:00:00','Field',154,35),(357,1,0.600000006,NULL,90,3222,1634,'2015-01-31 00:00:00','Field',154,44),(358,1,0.046500027,0.046500027,12.5,250,236,'2015-02-14 00:00:00','Field',154,36),(359,1,0,0,2,38,38,'2015-02-14 00:00:00','Field',154,35),(360,1,-0.007114558,NULL,NULL,-38,NULL,'2015-02-14 00:00:00','Field',154,44),(361,1,0,0,2,38,38,'2015-03-21 00:00:00','Field',154,35),(362,1,-0.00707635,NULL,NULL,-38,NULL,'2015-03-21 00:00:00','Field',154,44),(363,1,0.18,0.18,45,1400,823,'2015-01-10 00:00:00','Field',155,47),(364,1,0.769999993,0.769999993,217.5,5987,3943,'2015-01-17 00:00:00','Field',155,47),(365,1,0.020000012,0.020000012,2,156,54,'2015-01-24 00:00:00','Field',155,44),(366,1,0,0,2,38,38,'2015-01-24 00:00:00','Field',155,35),(367,1,0.025099993,0.025099993,21,195,370,'2015-02-07 00:00:00','Field',155,44),(368,1,0,0,1,19,19,'2015-02-14 00:00:00','Field',155,35),(369,1,-0.002431187,NULL,NULL,-19,NULL,'2015-02-14 00:00:00','Field',155,47),(370,1,0,0,4,76,76,'2015-03-14 00:00:00','Field',155,35),(371,1,-0.00977492,NULL,NULL,-76,NULL,'2015-03-14 00:00:00','Field',155,47),(372,1,0,0,2.5,48,48,'2015-03-28 00:00:00','Field',155,35),(373,1,-0.006109325,NULL,NULL,-48,NULL,'2015-03-28 00:00:00','Field',155,47),(374,1,0.95,0.95,198,5596,3697,'2015-02-28 00:00:00','Field',156,41),(375,1,0.050000012,0.050000012,11,295,210,'2015-03-14 00:00:00','Field',156,41),(376,1,0.4,0.4,69,2160,1339,'2015-03-28 00:00:00','Field',157,41),(377,1,0.25,0.25,109,3929,1996,'2014-12-13 00:00:00','Field',159,36),(378,1,0.19,0.19,84,2986,1442,'2014-12-20 00:00:00','Field',159,36),(379,1,0.120000002,0.120000002,56,1886,1017,'2014-12-27 00:00:00','Field',159,36),(380,1,0.099999998,0.099999998,41,1571,697,'2015-01-03 00:00:00','Field',159,36),(381,1,0.289999974,0.289999974,116,4557,2143,'2015-01-10 00:00:00','Field',159,36),(382,1,1.2e-08,1.2e-08,2.5,0,48,'2015-01-24 00:00:00','Field',159,35),(383,1,0.050000012,0.050000012,15,786,281,'2015-01-31 00:00:00','Field',159,46),(384,1,0,0,2.5,48,48,'2015-01-31 00:00:00','Field',159,35),(385,1,-0.003022587,NULL,NULL,-47,NULL,'2015-01-31 00:00:00','Field',159,36),(386,1,0,0,1.5,29,29,'2015-02-07 00:00:00','Field',159,35),(387,1,-0.001813554,NULL,NULL,-29,NULL,'2015-02-07 00:00:00','Field',159,36),(388,1,0,0,1,19,19,'2015-02-14 00:00:00','Field',159,35),(389,1,-0.001209036,NULL,NULL,-19,NULL,'2015-02-14 00:00:00','Field',159,36),(390,1,0.26,0.26,95,3344,1749,'2014-12-20 00:00:00','Field',160,36),(391,1,0.13000001,0.13000001,47.5,1672,854,'2014-12-27 00:00:00','Field',160,36),(392,1,0.150000014,0.150000014,52,1929,969,'2015-01-03 00:00:00','Field',160,36),(393,1,0.409999979,0.409999979,118,5273,2157,'2015-01-10 00:00:00','Field',160,36),(394,1,1.2e-08,1.2e-08,2.5,0,48,'2015-01-24 00:00:00','Field',160,35),(395,1,1.2e-08,1.2e-08,1,0,19,'2015-01-31 00:00:00','Field',160,35),(396,1,1.2e-08,1.2e-08,1.5,0,29,'2015-02-07 00:00:00','Field',160,35),(397,1,0.01,0.01,4,142,107,'2015-03-14 00:00:00','Field',161,36),(398,1,0.42,0.42,132,5962,2472,'2015-03-21 00:00:00','Field',161,36),(399,1,0.169999993,0.169999993,55,2413,983,'2015-03-28 00:00:00','Field',161,36),(400,1,0.03,0.03,9,526,221,'2015-03-21 00:00:00','Field',162,36),(401,1,0.370000001,0.370000001,159,6488,2988,'2015-03-28 00:00:00','Field',162,36);
/*!40000 ALTER TABLE `entry` ENABLE KEYS */;
UNLOCK TABLES;

--
-- Table structure for table `foreman`
--

DROP TABLE IF EXISTS `foreman`;
/*!40101 SET @saved_cs_client     = @@character_set_client */;
/*!40101 SET character_set_client = utf8 */;
CREATE TABLE `foreman` (
  `id` bigint(20) NOT NULL AUTO_INCREMENT,
  `version` bigint(20) NOT NULL,
  `name` varchar(255) COLLATE utf8_bin NOT NULL,
  PRIMARY KEY (`id`)
) ENGINE=InnoDB AUTO_INCREMENT=49 DEFAULT CHARSET=utf8 COLLATE=utf8_bin;
/*!40101 SET character_set_client = @saved_cs_client */;

--
-- Dumping data for table `foreman`
--

LOCK TABLES `foreman` WRITE;
/*!40000 ALTER TABLE `foreman` DISABLE KEYS */;
INSERT INTO `foreman` VALUES (33,103,'ANGUIANO JR., S'),(34,87,'GARCIA, RODOLFO'),(35,8,'WARRANTY 2'),(36,48,'ESPOSITO JR., L'),(37,17,'FLORES MANCILLAS, O'),(38,170,'HANSON, CHAD'),(39,1,'WARRANTY 1'),(40,3,'BROWN, JACK'),(41,20,'RETTIG, STEVEN'),(42,3,'NINO QUINONES, H'),(43,108,'GARCIA, WILFRIDO'),(44,128,'JOHNSON, JEFF'),(45,40,'COOPER, VERN'),(46,15,'WILLIAMS, H'),(47,93,'BLANCO TALAMANTES'),(48,116,'ACUNA NEVAREZ, O');
/*!40000 ALTER TABLE `foreman` ENABLE KEYS */;
UNLOCK TABLES;

--
-- Table structure for table `lot`
--

DROP TABLE IF EXISTS `lot`;
/*!40101 SET @saved_cs_client     = @@character_set_client */;
/*!40101 SET character_set_client = utf8 */;
CREATE TABLE `lot` (
  `id` bigint(20) NOT NULL AUTO_INCREMENT,
  `version` bigint(20) NOT NULL,
  `excel_doc` tinyblob,
  `field_budget` double DEFAULT NULL,
  `field_hours` double DEFAULT NULL,
  `md5hash` varchar(255) COLLATE utf8_bin NOT NULL,
  `number` int(11) NOT NULL,
  `panel_budget` double DEFAULT NULL,
  `panel_hours` double DEFAULT NULL,
  `path` varchar(255) COLLATE utf8_bin DEFAULT NULL,
  `tract_id` bigint(20) DEFAULT NULL,
  PRIMARY KEY (`id`),
  KEY `tract_fk` (`tract_id`),
  CONSTRAINT `lot_ibfk_1` FOREIGN KEY (`tract_id`) REFERENCES `tract` (`id`)
) ENGINE=InnoDB AUTO_INCREMENT=163 DEFAULT CHARSET=utf8 COLLATE=utf8_bin;
/*!40101 SET character_set_client = @saved_cs_client */;

--
-- Dumping data for table `lot`
--

LOCK TABLES `lot` WRITE;
/*!40000 ALTER TABLE `lot` DISABLE KEYS */;
INSERT INTO `lot` VALUES (1,1,NULL,4091.142857143,227.285714286,'a620bbe126882a6d1e43575b64cb7898',45,710.267857143,56.821428571,'P:\\Jobcards\\AVH\\MR',1),(2,1,NULL,3052.285714286,169.571428571,'fb81469b16bbc28dbe6d186b189992cb',40,529.910714286,42.392857143,'P:\\Jobcards\\DRH\\CRPCGII',2),(3,1,NULL,NULL,NULL,'7ed42e3a58e465b600386d50dc9a4294',53,NULL,NULL,'P:\\Jobcards\\DRH\\CRPCGII',2),(4,1,NULL,2496.857142857,138.714285714,'f087a742c2f8abb37c9bd34c5bd916bd',55,433.482142857,34.678571429,'P:\\Jobcards\\DRH\\CRPCGII',2),(5,1,NULL,NULL,NULL,'959d0ac22ea155fe11acc263e5b889d5',60,NULL,NULL,'P:\\Jobcards\\DRH\\CRPCGII',2),(6,1,NULL,NULL,NULL,'94ad18c98cbdd51b7924d42dbbcb5d92',61,NULL,NULL,'P:\\Jobcards\\DRH\\CRPCGII',2),(7,1,NULL,3092.142857143,171.785714286,'c533451f385dfde40aca14ea627fc023',176,0,0,'P:\\Jobcards\\DRH\\DSRI',3),(8,1,NULL,3156.428571429,175.357142857,'0afe8fa1f4b1b2f87cdcd603ff6dd509',184,0,0,'P:\\Jobcards\\DRH\\DSRI',3),(9,1,NULL,4307.142857143,239.285714286,'fcfc722aab904d10c2e32c2b10656b61',161,0,0,'P:\\Jobcards\\DRH\\DSRII',4),(10,1,NULL,3641.142857143,202.285714286,'ce69d3f3d6e116499b70485dd9312cb3',169,632.142857143,50.571428571,'P:\\Jobcards\\DRH\\DSRII',4),(11,1,NULL,5878.285714286,326.571428571,'d91c764062ee3a38b0ab20d1e20a6aba',235,1020.535714286,81.642857143,'P:\\Jobcards\\DRH\\DSRII',4),(12,1,NULL,5789.793103448,321.655172414,'0ab402aaf9ef2a8e06d2a21fb3008f97',14,1005.172413793,80.413793103,'P:\\Jobcards\\DRH\\EE',5),(13,1,NULL,4796.689655172,266.482758621,'f79bb2e423e619dae430dfd3bbf6f3d4',28,832.75862069,66.620689655,'P:\\Jobcards\\DRH\\EE',5),(14,1,NULL,NULL,NULL,'a4df44cd9db4299f6cc2594aed4cdfe3',45,NULL,NULL,'P:\\Jobcards\\DRH\\EE',5),(15,1,NULL,NULL,NULL,'2eb81db5eb24aa9e941fc2ccb01a3d65',46,NULL,NULL,'P:\\Jobcards\\DRH\\EE',5),(16,1,NULL,NULL,NULL,'b923b5d226dd8433f12b2a320fcd7a4b',66,NULL,NULL,'P:\\Jobcards\\DRH\\EE',5),(17,1,NULL,6358.965517241,353.275862069,'a40d233c1f5527927f7e5da998b9518c',73,0,0,'P:\\Jobcards\\DRH\\EE',5),(18,1,NULL,2831.142857143,157.285714286,'2e7ec37ddd1da98bf8cccda842860d8e',35,491.517857143,39.321428571,'P:\\Jobcards\\DRH\\HSP24',6),(19,1,NULL,3065.142857143,170.285714286,'389a38364e46880aebe6d184a5a75eb6',58,532.142857143,42.571428571,'P:\\Jobcards\\DRH\\HSP24',6),(20,1,NULL,3580.714285714,198.928571429,'0ab70ab3fbd064cf9fd81a18147f117e',63,0,0,'P:\\Jobcards\\DRH\\HSP24',6),(21,1,NULL,2849.142857143,158.285714286,'fe02c1f92811122826e045f0a0ec81b0',65,494.642857143,39.571428571,'P:\\Jobcards\\DRH\\HSP24',6),(22,1,NULL,3474.642857143,193.035714286,'4d3d0e0034748b20e6b95df02f580905',66,0,0,'P:\\Jobcards\\DRH\\HSP24',6),(23,1,NULL,6807.857142857,378.214285714,'62c35e4d0ab4159febafcfde29e427c5',67,0,0,'P:\\Jobcards\\DRH\\HSP24',6),(24,1,NULL,2851.714285714,158.428571429,'bf3c189982f8ec26ce6ba3b58e088a2b',68,495.089285714,39.607142857,'P:\\Jobcards\\DRH\\HSP24',6),(25,1,NULL,2666.571428571,148.142857143,'c813ec6f6e12c7f82672f9d7831d669d',69,462.946428571,37.035714286,'P:\\Jobcards\\DRH\\HSP24',6),(26,1,NULL,NULL,NULL,'03723009af278f32995cf54425be617b',71,NULL,NULL,'P:\\Jobcards\\DRH\\HSP24',6),(27,1,NULL,2473.714285714,137.428571429,'bec7c614786437f9bcc7e005f70dece3',78,429.464285714,34.357142857,'P:\\Jobcards\\DRH\\HSP24',6),(28,1,NULL,2455.714285714,136.428571429,'e14770cd72829f4d937958a3edde444d',79,426.339285714,34.107142857,'P:\\Jobcards\\DRH\\HSP24',6),(29,1,NULL,2576.571428571,143.142857143,'58b167611889caff53a605f167ab073d',80,447.321428571,35.785714286,'P:\\Jobcards\\DRH\\HSP24',6),(30,1,NULL,2514.857142857,139.714285714,'62e24eff677d8cf5bc864e3291c6b4b9',81,436.607142857,34.928571429,'P:\\Jobcards\\DRH\\HSP24',6),(31,1,NULL,2502,139,'2659f76b3d01b43d805fdca055e18fc8',83,434.375,34.75,'P:\\Jobcards\\DRH\\HSP24',6),(32,1,NULL,5430.857142857,301.714285714,'dd9bb5010b3028647359a9e95dad2b08',84,942.857142857,75.428571429,'P:\\Jobcards\\DRH\\HSP24',6),(33,1,NULL,2818.285714286,156.571428571,'b86b51a12fe5e0796b4f4b3c0ae52d4c',85,489.285714286,39.142857143,'P:\\Jobcards\\DRH\\HSP24',6),(34,1,NULL,2844,158,'7039c6bd769395c1645e8693cc604841',88,493.75,39.5,'P:\\Jobcards\\DRH\\HSP24',6),(35,1,NULL,4531.034482759,251.724137931,'eeea6609335164fc3b5ca4c89ce3f178',968,0,0,'P:\\Jobcards\\DRH\\LCBII',7),(36,1,NULL,3552.827586207,197.379310345,'618a32cf398126fcd4526a6e319ad4ed',969,616.810344828,49.344827586,'P:\\Jobcards\\DRH\\LCBII',7),(37,1,NULL,3401.379310345,188.965517241,'acad29a2901e0f916ef5c8a44fe1ad3d',970,590.517241379,47.24137931,'P:\\Jobcards\\DRH\\LCBII',7),(38,1,NULL,4388.275862069,243.793103448,'c138292a4265a791abbc40ac004e7135',976,0,0,'P:\\Jobcards\\DRH\\LCBII',7),(39,1,NULL,4501.24137931,250.068965517,'f25bead7b63bed8af6e14de4137cc329',978,781.465517241,62.517241379,'P:\\Jobcards\\DRH\\LCBII',7),(40,1,NULL,4478.275862069,248.793103448,'76391f120b9175505a48babaa0776bee',980,0,0,'P:\\Jobcards\\DRH\\LCBII',7),(41,1,NULL,4233.103448276,235.172413793,'410a6bdbc906916a669e34e9c27ad698',981,0,0,'P:\\Jobcards\\DRH\\LCBII',7),(42,1,NULL,3449.032258065,191.612903226,'864fefb14e6b14744672dff0e3db41c7',325,598.790322581,47.903225806,'P:\\Jobcards\\DRH\\MRI',8),(43,1,NULL,NULL,NULL,'78fd8bad12cc0f661de21274e8887810',326,NULL,NULL,'P:\\Jobcards\\DRH\\MRI',8),(44,1,NULL,2745.290322581,152.516129032,'e3e23b342b4923507025c0d8fb7ceb88',167,476.612903226,38.129032258,'P:\\Jobcards\\DRH\\MRVII',9),(45,1,NULL,2745.290322581,152.516129032,'cdb8c57664a71f6e23723b0f066b240d',177,476.612903226,38.129032258,'P:\\Jobcards\\DRH\\MRVII',9),(46,1,NULL,5276.571428571,293.142857143,'21c8d55a1404ef0840224d2caadce2f3',38,916.071428571,73.285714286,'P:\\Jobcards\\DRH\\SSER',10),(47,1,NULL,4355.357142857,241.964285714,'d9308c03b8ed3c1e45c42a5ad0c8bb85',69,0,0,'P:\\Jobcards\\DRH\\SSER',10),(48,1,NULL,3412.285714286,189.571428571,'02ef79ff13142509717e681d1be2601f',70,592.410714286,47.392857143,'P:\\Jobcards\\DRH\\SSER',10),(49,1,NULL,3317.142857143,184.285714286,'e01727afcdaf271b2b59acd067a9e1d2',71,575.892857143,46.071428571,'P:\\Jobcards\\DRH\\SSER',10),(50,1,NULL,2571.428571429,142.857142857,'1f63c0e8e310b9bbaefe44dd62fd0e04',175,446.428571429,35.714285714,'P:\\Jobcards\\DRH\\SSWD',11),(51,1,NULL,NULL,NULL,'23ff61410bf18ff42d1c69f1c68a5604',10,NULL,NULL,'P:\\Jobcards\\DRH\\SVII',12),(52,1,NULL,5598,311,'7f72e5644fb97149aca1ea303a349cea',130,971.875,77.75,'P:\\Jobcards\\DRH\\SVII',12),(53,1,NULL,5842.285714286,324.571428571,'e6f3f45983e767da2340f27a3aa27820',17,1014.285714286,81.142857143,'P:\\Jobcards\\DRH\\SVII',12),(54,1,NULL,5574.857142857,309.714285714,'ab758bf7d2e2673adbe6d4711e30de5e',18,967.857142857,77.428571429,'P:\\Jobcards\\DRH\\SVII',12),(55,1,NULL,5574.857142857,309.714285714,'40cd85a5f45d1cdf88b1f8cd67807a31',20,967.857142857,77.428571429,'P:\\Jobcards\\DRH\\SVII',12),(56,1,NULL,NULL,NULL,'905c48b8679a6ab3e97ef69f89764516',26,NULL,NULL,'P:\\Jobcards\\DRH\\SVII',12),(57,1,NULL,5865.428571429,325.857142857,'168397d15497f4de2e3f9bbfaaed4232',27,1018.303571429,81.464285714,'P:\\Jobcards\\DRH\\SVII',12),(58,1,NULL,5636.571428571,313.142857143,'8c29a7fa9c7af2349b111e57f51368b4',34,978.571428571,78.285714286,'P:\\Jobcards\\DRH\\SVII',12),(59,1,NULL,3458.571428571,192.142857143,'5a25572d0df9946fc69523e9f9facaa3',24,600.446428571,48.035714286,'P:\\Jobcards\\DRH\\TB',13),(60,1,NULL,4358.571428571,242.142857143,'e1f29baf3f216188468a720e57f51bd1',28,0,0,'P:\\Jobcards\\DRH\\TB',13),(61,1,NULL,4329.642857143,240.535714286,'aca7f1e6fe4ecca0a333583681d0ba3e',29,0,0,'P:\\Jobcards\\DRH\\TB',13),(62,1,NULL,3976.258064516,220.903225806,'7936dc3bc02832753410000a12f98c3a',114,690.322580645,55.225806452,'P:\\Jobcards\\KHOV\\APV',14),(63,1,NULL,4080.774193548,226.709677419,'f7b63c47639ec21c16418ab5d6a6e9b4',125,708.467741935,56.677419355,'P:\\Jobcards\\KHOV\\APV',14),(64,1,NULL,3644.129032258,202.451612903,'4271db3d9acb6dd9352dce78af52d08a',262,632.661290323,50.612903226,'P:\\Jobcards\\KHOV\\APV',14),(65,1,NULL,5156.129032258,286.451612903,'745882ea12aeaea0aa41492aa4d6c92a',268,0,0,'P:\\Jobcards\\KHOV\\APV',14),(66,1,NULL,4476.774193548,248.709677419,'f1d350377b5c722c19b2b895455b4509',305,0,0,'P:\\Jobcards\\KHOV\\APV',14),(67,1,NULL,3964.64516129,220.258064516,'18b450f701d13dc4cb89128154b0a632',99,688.306451613,55.064516129,'P:\\Jobcards\\KHOV\\APV',14),(68,1,NULL,4833.290322581,268.516129032,'3fb0e1d1a2e231bee872c99a38282c28',18,839.112903226,67.129032258,'P:\\Jobcards\\KHOV\\EV',15),(69,1,NULL,4418.709677419,245.483870968,'6728d9a0553cc3ff95d60a3124e5b1b6',2,0,0,'P:\\Jobcards\\KHOV\\EV',15),(70,1,NULL,NULL,NULL,'7b1b8fc38fbc6ceeb8757a39f5281af9',4,NULL,NULL,'P:\\Jobcards\\KHOV\\EV',15),(71,1,NULL,NULL,NULL,'aefa8139faae12266f3d439b59ba3ac7',42,NULL,NULL,'P:\\Jobcards\\KHOV\\EV',15),(72,1,NULL,7496.129032258,416.451612903,'25374b254eaa50ec40d0bbf10d1bc5bf',244,0,0,'P:\\Jobcards\\KHOV\\VRS',16),(73,1,NULL,3618.580645161,201.032258065,'fdf9d9736ebf796f859169059977f422',420,628.225806452,50.258064516,'P:\\Jobcards\\KHOV\\VRS',16),(74,1,NULL,NULL,NULL,'419f34c8df8bb3d773e71ddb0196b05b',423,NULL,NULL,'P:\\Jobcards\\KHOV\\VRS',16),(75,1,NULL,3618.580645161,201.032258065,'c93c299a5151b152c615d56f9b4ca41e',424,628.225806452,50.258064516,'P:\\Jobcards\\KHOV\\VRS',16),(76,1,NULL,3439.741935484,191.096774194,'9cba1ce710836c94a3bb7616e44c1bbe',428,597.177419355,47.774193548,'P:\\Jobcards\\KHOV\\VRS',16),(77,1,NULL,3734.709677419,207.483870968,'5fafefc87d9c92d43209cf3f14716beb',441,648.387096774,51.870967742,'P:\\Jobcards\\KHOV\\VRS',16),(78,1,NULL,4747.35483871,263.741935484,'b56b21caa528f6733f206bb55a37a624',445,824.193548387,65.935483871,'P:\\Jobcards\\KHOV\\VRS',16),(79,1,NULL,3627.870967742,201.548387097,'6495c1b383e2672384d8834ce91a2103',451,629.838709677,50.387096774,'P:\\Jobcards\\KHOV\\VRS',16),(80,1,NULL,3467.612903226,192.64516129,'586e335f6fd3938958f37f8ef3ed6889',453,602.016129032,48.161290323,'P:\\Jobcards\\KHOV\\VRS',16),(81,1,NULL,5751.870967742,319.548387097,'63908c6e609e7e2a15461bd1df9e20c5',42,0,0,'P:\\Jobcards\\PH\\CAL45',17),(82,1,NULL,8314.838709677,461.935483871,'280c15b4589c10f9202e086176f4e88f',45,0,0,'P:\\Jobcards\\PH\\CAL45',17),(83,1,NULL,NULL,NULL,'39a5919300bae8902325791693ef65be',283,NULL,NULL,'P:\\Jobcards\\RYLAND\\CUSTOM',18),(84,1,NULL,7512,417.333333333,'c5c16e52057281f2a12c31833a615e87',63,1304.166666667,104.333333333,'P:\\Jobcards\\RYLAND\\FIN',19),(85,1,NULL,5162.181818182,286.787878788,'401377c0809366d141a531605c8ef79c',79,896.212121212,71.696969697,'P:\\Jobcards\\RYLAND\\FIN',19),(86,1,NULL,5011.636363636,278.424242424,'9246596038aec53ab9c0791af3cacc03',80,870.075757576,69.606060606,'P:\\Jobcards\\RYLAND\\FIN',19),(87,1,NULL,5533.090909091,307.393939394,'291a0a80525aff3001f4e21f93288bd6',81,960.606060606,76.848484848,'P:\\Jobcards\\RYLAND\\FIN',19),(88,1,NULL,NULL,NULL,'a9fded22a458a38593b548251797e08e',87,NULL,NULL,'P:\\Jobcards\\RYLAND\\FIN',19),(89,1,NULL,NULL,NULL,'f6ce2bc1274d7f2c6807d28e3981c542',88,NULL,NULL,'P:\\Jobcards\\RYLAND\\FIN',19),(90,1,NULL,9291.818181818,516.212121212,'d0cf77b0d87fc7262e25916756de62a2',89,0,0,'P:\\Jobcards\\RYLAND\\FIN',19),(91,1,NULL,8817.272727273,489.848484848,'daffe49006a870fd98a52e4571f9b71e',11,0,0,'P:\\Jobcards\\RYLAND\\MV',20),(92,1,NULL,5103.272727273,283.515151515,'6534435d4a3e3ec3c5279544b6452bc2',16,885.984848485,70.878787879,'P:\\Jobcards\\RYLAND\\MV',20),(93,1,NULL,8844.545454545,491.363636364,'0f11705d012a3dda4f6fc408e2dbf95c',17,0,0,'P:\\Jobcards\\RYLAND\\MV',20),(94,1,NULL,5404.363636364,300.242424242,'ddde2e99d18315022c767886e02dfa7b',33,938.257575758,75.060606061,'P:\\Jobcards\\RYLAND\\MV',20),(95,1,NULL,6414.545454545,356.363636364,'63969abb2d3a04a6fe334ea82274dc56',34,0,0,'P:\\Jobcards\\RYLAND\\MV',20),(96,1,NULL,NULL,NULL,'bf0be24a17fec492b8aa0cea08196db2',4,NULL,NULL,'P:\\Jobcards\\RYLAND\\MV',20),(97,1,NULL,NULL,NULL,'6f999873aa2a3f58db67bb96231be8f9',15,NULL,NULL,'P:\\Jobcards\\RYLAND\\VAL',21),(98,1,NULL,8806.363636364,489.242424242,'64935fa385c15f388c7bb6a3fd61ce62',34,0,0,'P:\\Jobcards\\RYLAND\\VAL',21),(99,1,NULL,7032,390.666666667,'1e485ce601e4e73f903b34a61777778f',37,1220.833333333,97.666666667,'P:\\Jobcards\\RYLAND\\VAL',21),(100,1,NULL,NULL,NULL,'d254aa637eb2f2475c850c2283834aca',53,NULL,NULL,'P:\\Jobcards\\RYLAND\\VAL',21),(101,1,NULL,6973.090909091,387.393939394,'1c41cc83d74c671cf0247ad7f8a89f17',55,1210.606060606,96.848484848,'P:\\Jobcards\\RYLAND\\VAL',21),(102,1,NULL,9384.545454545,521.363636364,'f89db959fc3edb7798d00adf870e905a',57,0,0,'P:\\Jobcards\\RYLAND\\VAL',21),(103,1,NULL,4525.090909091,251.393939394,'8ebb1161a134b9ed3c0712de955c272e',8,785.606060606,62.848484848,'P:\\Jobcards\\RYLAND\\VAL',21),(104,1,NULL,2664,148,'5b7e98d37142ab1ab5848ebd781b1331',102,462.5,37,'P:\\Jobcards\\RYLAND\\VV',22),(105,1,NULL,2664,148,'710ff60a11a4a6662611178099eaea0c',22,462.5,37,'P:\\Jobcards\\RYLAND\\VV',22),(106,1,NULL,2620.8,145.6,'74ffc4ce9cf72a6a0a98bc34ae4cae2b',24,455,36.4,'P:\\Jobcards\\RYLAND\\VV',22),(107,1,NULL,2649.6,147.2,'1fb0ac10dfb2077455b9276c07ad5698',26,460,36.8,'P:\\Jobcards\\RYLAND\\VV',22),(108,1,NULL,3096,172,'7f27cc9fd4945f2d2554a726297cd45d',30,0,0,'P:\\Jobcards\\RYLAND\\VV',22),(109,1,NULL,2563.2,142.4,'b3a68c4a9f6cfd8caf5b8cdaf9573f5b',51,445,35.6,'P:\\Jobcards\\RYLAND\\VV',22),(110,1,NULL,3789,210.5,'7e1f07359a7b99224156857873c30bea',52,0,0,'P:\\Jobcards\\RYLAND\\VV',22),(111,1,NULL,2534.4,140.8,'f0bd0cafa19215eb6150645780a7cebf',53,440,35.2,'P:\\Jobcards\\RYLAND\\VV',22),(112,1,NULL,2563.2,142.4,'cbb9785fce33dfaa790a49f98c648290',54,445,35.6,'P:\\Jobcards\\RYLAND\\VV',22),(113,1,NULL,3729.6,207.2,'65286f035cbae14b7751bf560294ccd7',87,647.5,51.8,'P:\\Jobcards\\RYLAND\\VV',22),(114,1,NULL,3276,182,'5d307e1d810409c970844b6689a32434',93,568.75,45.5,'P:\\Jobcards\\RYLAND\\VV',22),(115,1,NULL,2649.6,147.2,'cfe67c580d986533c6c2400a4adfe26e',95,460,36.8,'P:\\Jobcards\\RYLAND\\VV',22),(116,1,NULL,4687.2,260.4,'a6aabe597ed3c2bf7923bccaba6297f3',97,813.75,65.1,'P:\\Jobcards\\RYLAND\\VV',22),(117,1,NULL,633.6,35.2,'c572bb9abfbbfc3b62105c29dc5e9284',999,110,8.8,'P:\\Jobcards\\RYLAND\\VV',22),(118,1,NULL,NULL,NULL,'ee696825fc159b1285b34d2caab59741',25,NULL,NULL,'P:\\Jobcards\\RYLAND\\WF',23),(119,1,NULL,4759.090909091,264.393939394,'f0353480258863498503214c80b8eeb7',1873,0,0,'P:\\Jobcards\\SHEA-AA\\ENCI',24),(120,1,NULL,4197.272727273,233.181818182,'c91fba5460865666dc001d73a2d6e10e',1874,0,0,'P:\\Jobcards\\SHEA-AA\\ENCI',24),(121,1,NULL,NULL,NULL,'81da13ed884513db2f0ef4b23a252c50',1914,NULL,NULL,'P:\\Jobcards\\SHEA-AA\\ENCI',24),(122,1,NULL,NULL,NULL,'aabfdbd39e9350bc56f6b283900c22d0',616,NULL,NULL,'P:\\Jobcards\\SHEA-AA\\ENCI',24),(123,1,NULL,4581.818181818,254.545454545,'a957d255049f0a63a4f46d7e13ffdfd6',638,0,0,'P:\\Jobcards\\SHEA-AA\\ENCI',24),(124,1,NULL,3615.272727273,200.848484848,'9b336b25a119560dd40350eda3638b97',645,627.651515152,50.212121212,'P:\\Jobcards\\SHEA-AA\\ENCI',24),(125,1,NULL,NULL,NULL,'1c75ae58310c6c27b5093602fcf82eb7',651,NULL,NULL,'P:\\Jobcards\\SHEA-AA\\ENCI',24),(126,1,NULL,2997.818181818,166.545454545,'478a7f86b0ffd77f17d503834291624a',676,520.454545455,41.636363636,'P:\\Jobcards\\SHEA-AA\\ENCI',24),(127,1,NULL,4418.181818182,245.454545455,'7fa1a319beca8e4ed5ff53afb28ac924',681,0,0,'P:\\Jobcards\\SHEA-AA\\ENCI',24),(128,1,NULL,3700.909090909,205.606060606,'f5ac95fd30f1d9fcb5d980e97fd8eb65',682,0,0,'P:\\Jobcards\\SHEA-AA\\ENCI',24),(129,1,NULL,4498.909090909,249.939393939,'5450bed208b527feb3acbea3fcbb3cec',1934,781.060606061,62.484848485,'P:\\Jobcards\\SHEA-AA\\ENCII',25),(130,1,NULL,4440,246.666666667,'7548db46fd19b5c9efa59cebb7c883e8',1964,770.833333333,61.666666667,'P:\\Jobcards\\SHEA-AA\\ENCII',25),(131,1,NULL,5142.545454545,285.696969697,'345e024b0f3381ce269cba5584ab2a83',280,892.803030303,71.424242424,'P:\\Jobcards\\SHEA-AA\\ENCII',25),(132,1,NULL,5648.181818182,313.787878788,'691c748cc0c463ad021bd4a950169c0e',388,0,0,'P:\\Jobcards\\SHEA-AA\\ENCII',25),(133,1,NULL,5122.909090909,284.606060606,'a2206890c9bd8ce36057f219c270707f',469,889.393939394,71.151515152,'P:\\Jobcards\\SHEA-AA\\ENCII',25),(134,1,NULL,5901.818181818,327.878787879,'13d4440cf831e5f348a4342bf28eab75',641,1024.621212121,81.96969697,'P:\\Jobcards\\SHEA-AA\\ENCII',25),(135,1,NULL,4422.545454545,245.696969697,'362ba4528eed9044684b96c5c5f1bc17',675,767.803030303,61.424242424,'P:\\Jobcards\\SHEA-AA\\ENCII',25),(136,1,NULL,6766.363636364,375.909090909,'5532975fc18fabc9f3c44b2c79fd30ae',700,0,0,'P:\\Jobcards\\SHEA-AA\\ENCII',25),(137,1,NULL,4930.909090909,273.939393939,'3e8e9ce600550db3ff5e1efaa87d2960',732,856.060606061,68.484848485,'P:\\Jobcards\\SHEA-AA\\ENCII',25),(138,1,NULL,6210,345,'d6d0a6e751b55a58f62130a46bfab694',735,0,0,'P:\\Jobcards\\SHEA-AA\\ENCII',25),(139,1,NULL,2628,146,'91cb93064f9e7bc1b647f85584ca6dc4',1,456.25,36.5,'P:\\Jobcards\\SHEA-SF\\DAV35',26),(140,1,NULL,5472,304,'05f942292f6931c81c79cd8ddfec4169',2,0,0,'P:\\Jobcards\\SHEA-SF\\DAV35',26),(141,1,NULL,2563.2,142.4,'0c8e3601bd11badc6b212e5c85495f2e',28,445,35.6,'P:\\Jobcards\\SHEA-SF\\DAV35',26),(142,1,NULL,2707.2,150.4,'4d020aeff67cc67b9ca48768794cc434',29,470,37.6,'P:\\Jobcards\\SHEA-SF\\DAV35',26),(143,1,NULL,2563.2,142.4,'501b2c162bde780acdb46b6acdac36bd',30,445,35.6,'P:\\Jobcards\\SHEA-SF\\DAV35',26),(144,1,NULL,2786.4,154.8,'ee7bbed3af847dfa2287dca9a57f2ad8',36,483.75,38.7,'P:\\Jobcards\\SHEA-SF\\DAV35',26),(145,1,NULL,3456,192,'6feb2370702afb4c638e06c801485ff6',4,0,0,'P:\\Jobcards\\SHEA-SF\\DAV35',26),(146,1,NULL,3916.8,217.6,'74b7ccd2b6220aa26ba4788f683d2c69',40,680,54.4,'P:\\Jobcards\\SHEA-SF\\DAV35',26),(147,1,NULL,4896,272,'727aa04d4c86bcf09fb3986e03906096',43,0,0,'P:\\Jobcards\\SHEA-SF\\DAV35',26),(148,1,NULL,2750.4,152.8,'5214c57071282ee2cb5da434775a5a15',46,477.5,38.2,'P:\\Jobcards\\SHEA-SF\\DAV35',26),(149,1,NULL,NULL,NULL,'47ec92c276505230eecff58933c9a000',608,NULL,NULL,'P:\\Jobcards\\SHEA-SF\\DAV35',26),(150,1,NULL,4014,223,'90b19120a83422ef7708ad9ab9e5be10',62,0,0,'P:\\Jobcards\\SHEA-SF\\DIV40',27),(151,1,NULL,3110.4,172.8,'d42d4c267a37fc39e0eb4b669faad08f',63,540,43.2,'P:\\Jobcards\\SHEA-SF\\DIV40',27),(152,1,NULL,3182.4,176.8,'f0d5c702ec4bc7e20bdb15c293887b0e',64,552.5,44.2,'P:\\Jobcards\\SHEA-SF\\DIV40',27),(153,1,NULL,4636.8,257.6,'332182401f41c437856e429d3876d3cf',66,805,64.4,'P:\\Jobcards\\SHEA-SF\\DIV40',27),(154,1,NULL,NULL,NULL,'cfcf0dad92ef150a8286e2f77cea02a9',69,NULL,NULL,'P:\\Jobcards\\SHEA-SF\\DIV40',27),(155,1,NULL,NULL,NULL,'64c1ebbc30244cf311a83a5c986f3ed9',70,NULL,NULL,'P:\\Jobcards\\SHEA-SF\\DIV40',27),(156,1,NULL,3312,184,'4d0747c76109159d11547e30815539a1',71,575,46,'P:\\Jobcards\\SHEA-SF\\DIV40',27),(157,1,NULL,3096,172,'2f1d619124345e27c0e8225708ea8cb1',78,537.5,43,'P:\\Jobcards\\SHEA-SF\\DIV40',27),(158,1,NULL,3924,218,'babc92619c4f6f0e40c360e91cf898cd',79,0,0,'P:\\Jobcards\\SHEA-SF\\DIV40',27),(159,1,NULL,NULL,NULL,'1ab062c68f7ce46dbad9fcba27c005d1',1,NULL,NULL,'P:\\Jobcards\\SP\\VDCR',28),(160,1,NULL,NULL,NULL,'5fa179b85b805c2f8d82d9806c294755',2,NULL,NULL,'P:\\Jobcards\\SP\\VDCR',28),(161,1,NULL,7097.5,394.305555556,'679c16fed0c17254098c63637e52d3a9',3,0,0,'P:\\Jobcards\\SP\\VDCR',28),(162,1,NULL,8767.5,487.083333333,'65a1dd2dbd238c32c1edfd4422bd876b',4,0,0,'P:\\Jobcards\\SP\\VDCR',28);
/*!40000 ALTER TABLE `lot` ENABLE KEYS */;
UNLOCK TABLES;

--
-- Table structure for table `region`
--

DROP TABLE IF EXISTS `region`;
/*!40101 SET @saved_cs_client     = @@character_set_client */;
/*!40101 SET character_set_client = utf8 */;
CREATE TABLE `region` (
  `id` bigint(20) NOT NULL AUTO_INCREMENT,
  `version` bigint(20) NOT NULL,
  `drive` varchar(255) COLLATE utf8_bin NOT NULL,
  `name` varchar(255) COLLATE utf8_bin DEFAULT NULL,
  PRIMARY KEY (`id`)
) ENGINE=InnoDB AUTO_INCREMENT=2 DEFAULT CHARSET=utf8 COLLATE=utf8_bin;
/*!40101 SET character_set_client = @saved_cs_client */;

--
-- Dumping data for table `region`
--

LOCK TABLES `region` WRITE;
/*!40000 ALTER TABLE `region` DISABLE KEYS */;
INSERT INTO `region` VALUES (1,1,'P','AZ');
/*!40000 ALTER TABLE `region` ENABLE KEYS */;
UNLOCK TABLES;

--
-- Table structure for table `region_builder`
--

DROP TABLE IF EXISTS `region_builder`;
/*!40101 SET @saved_cs_client     = @@character_set_client */;
/*!40101 SET character_set_client = utf8 */;
CREATE TABLE `region_builder` (
  `region_id` int(11) NOT NULL DEFAULT '0',
  `builder_id` int(11) NOT NULL DEFAULT '0',
  PRIMARY KEY (`region_id`,`builder_id`)
) ENGINE=MyISAM DEFAULT CHARSET=latin1;
/*!40101 SET character_set_client = @saved_cs_client */;

--
-- Dumping data for table `region_builder`
--

LOCK TABLES `region_builder` WRITE;
/*!40000 ALTER TABLE `region_builder` DISABLE KEYS */;
INSERT INTO `region_builder` VALUES (1,1),(1,2),(1,3),(1,4),(1,5),(1,6),(1,7),(1,8);
/*!40000 ALTER TABLE `region_builder` ENABLE KEYS */;
UNLOCK TABLES;

--
-- Table structure for table `tract`
--

DROP TABLE IF EXISTS `tract`;
/*!40101 SET @saved_cs_client     = @@character_set_client */;
/*!40101 SET character_set_client = utf8 */;
CREATE TABLE `tract` (
  `id` bigint(20) NOT NULL AUTO_INCREMENT,
  `version` bigint(20) NOT NULL,
  `name` varchar(255) COLLATE utf8_bin NOT NULL,
  `builder_id` bigint(20) DEFAULT NULL,
  PRIMARY KEY (`id`),
  UNIQUE KEY `tract_u` (`name`),
  KEY `builder_fk` (`builder_id`),
  CONSTRAINT `tract_ibfk_1` FOREIGN KEY (`builder_id`) REFERENCES `builder` (`id`)
) ENGINE=InnoDB AUTO_INCREMENT=29 DEFAULT CHARSET=utf8 COLLATE=utf8_bin;
/*!40101 SET character_set_client = @saved_cs_client */;

--
-- Dumping data for table `tract`
--

LOCK TABLES `tract` WRITE;
/*!40000 ALTER TABLE `tract` DISABLE KEYS */;
INSERT INTO `tract` VALUES (1,1,'MR',1),(2,1,'CRPCGII',2),(3,1,'DSRI',2),(4,1,'DSRII',2),(5,1,'EE',2),(6,1,'HSP24',2),(7,1,'LCBII',2),(8,1,'MRI',2),(9,1,'MRVII',2),(10,1,'SSER',2),(11,1,'SSWD',2),(12,1,'SVII',2),(13,1,'TB',2),(14,1,'APV',3),(15,1,'EV',3),(16,1,'VRS',3),(17,1,'CAL45',4),(18,1,'CUSTOM',5),(19,1,'FIN',5),(20,1,'MV',5),(21,1,'VAL',5),(22,1,'VV',5),(23,1,'WF',5),(24,1,'ENCI',6),(25,1,'ENCII',6),(26,1,'DAV35',7),(27,1,'DIV40',7),(28,1,'VDCR',8);
/*!40000 ALTER TABLE `tract` ENABLE KEYS */;
UNLOCK TABLES;
/*!40103 SET TIME_ZONE=@OLD_TIME_ZONE */;

/*!40101 SET SQL_MODE=@OLD_SQL_MODE */;
/*!40014 SET FOREIGN_KEY_CHECKS=@OLD_FOREIGN_KEY_CHECKS */;
/*!40014 SET UNIQUE_CHECKS=@OLD_UNIQUE_CHECKS */;
/*!40101 SET CHARACTER_SET_CLIENT=@OLD_CHARACTER_SET_CLIENT */;
/*!40101 SET CHARACTER_SET_RESULTS=@OLD_CHARACTER_SET_RESULTS */;
/*!40101 SET COLLATION_CONNECTION=@OLD_COLLATION_CONNECTION */;
/*!40111 SET SQL_NOTES=@OLD_SQL_NOTES */;

-- Dump completed on 2015-06-29 21:43:25
